{
    "Folder.4029f10c-633e-ab1e-4f24-91b6104210b2": {
        "widgets": [
            {
                "pluginId": "bookmark-plugin",
                "widgetId": "bookmark",
                "instanceId": "9d2753b3-9b16-0528-c148-d65704366e7f",
                "configuration": {
                    "title": "itch.IO",
                    "url": "itch.io",
                    "icon": "fa-brands:itch-io",
                    "checkStatus": false,
                    "openInNewTab": false
                },
                "width": 2,
                "height": 1,
                "x": 0,
                "y": 0
            }
        ]
    },
    "Folder.583861d1-935f-a22a-dabe-3979a3866527": {
        "widgets": [
            {
                "pluginId": "bookmark-plugin",
                "widgetId": "bookmark",
                "instanceId": "8c7583d7-5043-079a-deec-d883bed19a1c",
                "configuration": {
                    "title": "Youtube",
                    "url": "youtube.com",
                    "icon": "openmoji:youtube",
                    "checkStatus": true,
                    "openInNewTab": false
                },
                "width": 2,
                "height": 1,
                "x": 0,
                "y": 0
            },
            {
                "pluginId": "bookmark-plugin",
                "widgetId": "bookmark",
                "instanceId": "1fb8c776-ccf3-0f78-6436-55dfe39e79b5",
                "configuration": {
                    "title": "Apple Music",
                    "url": "music.apple.com",
                    "icon": "lineicons:apple-music",
                    "checkStatus": true,
                    "openInNewTab": false
                },
                "width": 2,
                "height": 1,
                "x": 0,
                "y": 1
            }
        ]
    },
    "Folder.62244dbb-1b19-5401-74b6-32313523af54": {
        "widgets": [
            {
                "pluginId": "bookmark-plugin",
                "widgetId": "bookmark",
                "instanceId": "c40b9b25-81c8-f774-5452-5be0f7d5a1a4",
                "configuration": {
                    "title": "Amazon",
                    "url": "amazon.com",
                    "icon": "ri:amazon-fill",
                    "checkStatus": false,
                    "openInNewTab": false
                },
                "width": 2,
                "height": 1,
                "x": 0,
                "y": 0
            }
        ]
    },
    "Folder.7480b2c9-5b28-815c-3a87-1e223f5386f7": {
        "widgets": [
            {
                "pluginId": "bookmark-plugin",
                "widgetId": "bookmark",
                "instanceId": "79bf41f2-ab60-de06-5951-af5558bc22e7",
                "configuration": {
                    "title": "Anna's Archive",
                    "url": "annas-archive.org",
                    "icon": "academicons:archive",
                    "checkStatus": false,
                    "openInNewTab": false
                },
                "width": 2,
                "height": 1,
                "x": 0,
                "y": 0
            },
            {
                "pluginId": "bookmark-plugin",
                "widgetId": "bookmark",
                "instanceId": "8f69aac8-6670-a1dc-9dc3-c09d5be69c2e",
                "configuration": {
                    "title": "arXiv",
                    "url": "arxiv.org",
                    "icon": "academicons:arxiv",
                    "checkStatus": false,
                    "openInNewTab": false
                },
                "width": 2,
                "height": 1,
                "x": 0,
                "y": 1
            },
            {
                "pluginId": "bookmark-plugin",
                "widgetId": "bookmark",
                "instanceId": "b0c08bc3-c512-e890-3e5e-9304f5290295",
                "configuration": {
                    "title": "Desmos",
                    "url": "desmos.com",
                    "icon": "arcticons:desmos",
                    "checkStatus": false,
                    "openInNewTab": false
                },
                "width": 2,
                "height": 1,
                "x": 0,
                "y": 2
            },
            {
                "pluginId": "math-plugin",
                "widgetId": "calc-widget",
                "instanceId": "6bb90f5a-b50d-06f9-0292-ee0e5cf94e84",
                "configuration": {},
                "width": 2,
                "height": 2,
                "x": 6,
                "y": 2
            }
        ]
    },
    "Folder.b2041302-dfc9-947e-187c-c63d1f0389ed": {
        "widgets": [
            {
                "pluginId": "bookmark-plugin",
                "widgetId": "bookmark",
                "instanceId": "b20a2e11-00a6-68d1-a9d9-faba8c9323f3",
                "configuration": {
                    "title": "HyprWiki",
                    "url": "https://wiki.hypr.land/",
                    "icon": "devicon:hyprland",
                    "checkStatus": false,
                    "openInNewTab": false
                },
                "width": 2,
                "height": 1,
                "x": 0,
                "y": 0
            },
            {
                "pluginId": "bookmark-plugin",
                "widgetId": "bookmark",
                "instanceId": "d808b81e-6e6e-6ce2-1f98-033999d7ae50",
                "configuration": {
                    "title": "Johnny Decimal",
                    "url": "johnnydecimal.com",
                    "icon": "mdi:decimal",
                    "checkStatus": false,
                    "openInNewTab": false
                },
                "width": 2,
                "height": 1,
                "x": 2,
                "y": 0
            }
        ]
    },
    "Folder.e4f30d3e-ceb5-08f9-8b3b-a8445e37ac5d": {
        "widgets": [
            {
                "pluginId": "bookmark-plugin",
                "widgetId": "bookmark",
                "instanceId": "214d362b-fd56-3bf8-ef22-bea346e74fac",
                "configuration": {
                    "title": "Github",
                    "url": "github.com",
                    "icon": "el:github",
                    "checkStatus": true,
                    "openInNewTab": false
                },
                "width": 2,
                "height": 1,
                "x": 0,
                "y": 0
            },
            {
                "pluginId": "bookmark-plugin",
                "widgetId": "bookmark",
                "instanceId": "2531e25a-3109-f2b9-81d8-9f0062c4d664",
                "configuration": {
                    "title": "CodeWars",
                    "url": "codewars.com",
                    "icon": "cib:codewars",
                    "checkStatus": true,
                    "openInNewTab": false
                },
                "width": 2,
                "height": 1,
                "x": 0,
                "y": 1
            },
            {
                "pluginId": "bookmark-plugin",
                "widgetId": "bookmark",
                "instanceId": "60075bac-0339-7f35-c042-9355737e7801",
                "configuration": {
                    "title": "hackmyvm",
                    "url": "hackmyvm.com",
                    "icon": "openmoji:hacker-cat",
                    "checkStatus": false,
                    "openInNewTab": false
                },
                "width": 2,
                "height": 1,
                "x": 0,
                "y": 2
            },
            {
                "pluginId": "bookmark-plugin",
                "widgetId": "bookmark",
                "instanceId": "22e8da2b-5e21-c136-8375-c15d70c54736",
                "configuration": {
                    "title": "TerminalTyper",
                    "url": "terminaltyper.com",
                    "icon": "vaadin:keyboard-o",
                    "checkStatus": false,
                    "openInNewTab": false
                },
                "width": 2,
                "height": 1,
                "x": 2,
                "y": 0
            },
            {
                "pluginId": "bookmark-plugin",
                "widgetId": "bookmark",
                "instanceId": "ded124e9-7e09-e7fa-2e16-6b3081b896d8",
                "configuration": {
                    "title": "miniwi",
                    "url": "https://patorjk.com/software/taag/?p=display&f=miniwi&t=&x=cppComment",
                    "icon": "dinkie-icons:monospaced",
                    "checkStatus": false,
                    "openInNewTab": false
                },
                "width": 2,
                "height": 1,
                "x": 6,
                "y": 0
            }
        ]
    },
    "Folder.e6471ff3-70a8-9e13-ea77-f2653ec54dff": {
        "widgets": [
            {
                "pluginId": "iframe-plugin",
                "widgetId": "iframe-widget",
                "instanceId": "c1df3455-cb3b-571c-5828-1567c0be043d",
                "configuration": {
                    "url": "https://coinlib.io/",
                    "title": "",
                    "showLinkToPage": true
                },
                "width": 3,
                "height": 2,
                "x": 0,
                "y": 0
            }
        ]
    },
    "Folder.home": {
        "widgets": [
            {
                "pluginId": "bookmark-plugin",
                "widgetId": "bookmark",
                "instanceId": "12a88579-e0b9-cf1d-d118-0030a857f772",
                "configuration": {
                    "title": " ",
                    "url": "youtube.com",
                    "icon": "logos:youtube-icon",
                    "checkStatus": true,
                    "openInNewTab": false
                },
                "width": 1,
                "height": 1,
                "x": 0,
                "y": 0
            }
        ]
    },
    "WidgetStorage.12a88579-e0b9-cf1d-d118-0030a857f772": {
        "status": "up",
        "lastCheck": 1766418752585,
        "lastStatusChange": 1766417110776
    },
    "WidgetStorage.1fb8c776-ccf3-0f78-6436-55dfe39e79b5": {
        "status": "up",
        "lastCheck": 1766418752506,
        "lastStatusChange": 1766417110640
    },
    "WidgetStorage.214d362b-fd56-3bf8-ef22-bea346e74fac": {
        "status": "up",
        "lastCheck": 1766418752508,
        "lastStatusChange": 1766417110959
    },
    "WidgetStorage.2531e25a-3109-f2b9-81d8-9f0062c4d664": {
        "status": "up",
        "lastCheck": 1766418752448,
        "lastStatusChange": 1766417110961
    },
    "WidgetStorage.8c7583d7-5043-079a-deec-d883bed19a1c": {
        "lastCheck": 1766418752198,
        "status": "up",
        "lastStatusChange": 1766417111269
    },
    "analyticsEnabled": false,
    "finishedOnboarding": true,
    "folders": [
        {
            "id": "583861d1-935f-a22a-dabe-3979a3866527",
            "name": "Entertainment",
            "icon": "streamline-pixel:entertainment-events-hobbies-film-player"
        },
        {
            "id": "e4f30d3e-ceb5-08f9-8b3b-a8445e37ac5d",
            "name": "Dev",
            "icon": "iconoir:developer"
        },
        {
            "id": "7480b2c9-5b28-815c-3a87-1e223f5386f7",
            "name": "Academia",
            "icon": "streamline-pixel:school-science-graduation-cap"
        },
        {
            "id": "b2041302-dfc9-947e-187c-c63d1f0389ed",
            "name": "Documentation",
            "icon": "oui:documentation"
        },
        {
            "id": "4029f10c-633e-ab1e-4f24-91b6104210b2",
            "name": "Gaming",
            "icon": "pixel:gaming"
        },
        {
            "id": "62244dbb-1b19-5401-74b6-32313523af54",
            "name": "Shopping",
            "icon": "icon-park-outline:shopping"
        },
        {
            "id": "e6471ff3-70a8-9e13-ea77-f2653ec54dff",
            "name": "Finance",
            "icon": "pixel:finance"
        }
    ],
    "language": "en",
    "storageVersion": 5,
    "theme": "Maples",
    "userId": "80ae8656-3661-e74a-bf89-95b98aadc116"
}